date;dow;is_weekend;is_holiday;is_short_workday;is_working_weekend;holiday_name;is_day_off;day_type;school_holiday;school_holiday_name;school_holiday_trimester;days_to_new_year;pre_new_year_week
2025-01-01;2;0;1;0;0;Новогодние каникулы;1;holiday;1;зимние 2024/25;0;365;0
2025-01-02;3;0;1;0;0;Новогодние каникулы;1;holiday;1;зимние 2024/25;0;364;0
2025-01-03;4;0;1;0;0;Новогодние каникулы;1;holiday;1;зимние 2024/25;0;363;0
2025-01-04;5;1;1;0;0;Новогодние каникулы;1;holiday;1;зимние 2024/25;0;362;0
2025-01-05;6;1;1;0;0;Новогодние каникулы;1;holiday;1;зимние 2024/25;0;361;0
2025-01-06;0;0;1;0;0;Новогодние каникулы;1;holiday;1;зимние 2024/25;0;360;0
2025-01-07;1;0;1;0;0;Рождество Христово;1;holiday;1;зимние 2024/25;0;359;0
2025-01-08;2;0;1;0;0;Новогодние каникулы;1;holiday;1;зимние 2024/25;0;358;0
2025-01-09;3;0;0;0;0;;0;workday;0;;0;357;0
2025-01-10;4;0;0;0;0;;0;workday;0;;0;356;0
2025-01-11;5;1;0;0;0;;1;saturday;0;;0;355;0
2025-01-12;6;1;0;0;0;;1;sunday;0;;0;354;0
2025-01-13;0;0;0;0;0;;0;workday;0;;0;353;0
2025-01-14;1;0;0;0;0;;0;workday;0;;0;352;0
2025-01-15;2;0;0;0;0;;0;workday;0;;0;351;0
2025-01-16;3;0;0;0;0;;0;workday;0;;0;350;0
2025-01-17;4;0;0;0;0;;0;workday;0;;0;349;0
2025-01-18;5;1;0;0;0;;1;saturday;0;;0;348;0
2025-01-19;6;1;0;0;0;;1;sunday;0;;0;347;0
2025-01-20;0;0;0;0;0;;0;workday;0;;0;346;0
2025-01-21;1;0;0;0;0;;0;workday;0;;0;345;0
2025-01-22;2;0;0;0;0;;0;workday;0;;0;344;0
2025-01-23;3;0;0;0;0;;0;workday;0;;0;343;0
2025-01-24;4;0;0;0;0;;0;workday;0;;0;342;0
2025-01-25;5;1;0;0;0;;1;saturday;0;;0;341;0
2025-01-26;6;1;0;0;0;;1;sunday;0;;0;340;0
2025-01-27;0;0;0;0;0;;0;workday;0;;0;339;0
2025-01-28;1;0;0;0;0;;0;workday;0;;0;338;0
2025-01-29;2;0;0;0;0;;0;workday;0;;0;337;0
2025-01-30;3;0;0;0;0;;0;workday;0;;0;336;0
2025-01-31;4;0;0;0;0;;0;workday;0;;0;335;0
2025-02-01;5;1;0;0;0;;1;saturday;0;;0;334;0
2025-02-02;6;1;0;0;0;;1;sunday;0;;0;333;0
2025-02-03;0;0;0;0;0;;0;workday;0;;0;332;0
2025-02-04;1;0;0;0;0;;0;workday;0;;0;331;0
2025-02-05;2;0;0;0;0;;0;workday;0;;0;330;0
2025-02-06;3;0;0;0;0;;0;workday;0;;0;329;0
2025-02-07;4;0;0;0;0;;0;workday;0;;0;328;0
2025-02-08;5;1;0;0;0;;1;saturday;0;;0;327;0
2025-02-09;6;1;0;0;0;;1;sunday;0;;0;326;0
2025-02-10;0;0;0;0;0;;0;workday;0;;0;325;0
2025-02-11;1;0;0;0;0;;0;workday;0;;0;324;0
2025-02-12;2;0;0;0;0;;0;workday;0;;0;323;0
2025-02-13;3;0;0;0;0;;0;workday;0;;0;322;0
2025-02-14;4;0;0;0;0;;0;workday;0;;0;321;0
2025-02-15;5;1;0;0;0;;1;saturday;0;;0;320;0
2025-02-16;6;1;0;0;0;;1;sunday;0;;0;319;0
2025-02-17;0;0;0;0;0;;0;workday;0;;0;318;0
2025-02-18;1;0;0;0;0;;0;workday;0;;0;317;0
2025-02-19;2;0;0;0;0;;0;workday;0;;0;316;0
2025-02-20;3;0;0;0;0;;0;workday;0;;0;315;0
2025-02-21;4;0;0;0;0;;0;workday;0;;0;314;0
2025-02-22;5;1;0;0;0;;1;saturday;0;;0;313;0
2025-02-23;6;1;1;0;0;День защитника Отечества;1;holiday;0;;0;312;0
2025-02-24;0;0;0;0;0;;0;workday;0;;0;311;0
2025-02-25;1;0;0;0;0;;0;workday;0;;0;310;0
2025-02-26;2;0;0;0;0;;0;workday;0;;0;309;0
2025-02-27;3;0;0;0;0;;0;workday;0;;0;308;0
2025-02-28;4;0;0;0;0;;0;workday;0;;0;307;0
2025-03-01;5;1;0;0;0;;1;saturday;0;;0;306;0
2025-03-02;6;1;0;0;0;;1;sunday;0;;0;305;0
2025-03-03;0;0;0;0;0;;0;workday;0;;0;304;0
2025-03-04;1;0;0;0;0;;0;workday;0;;0;303;0
2025-03-05;2;0;0;0;0;;0;workday;0;;0;302;0
2025-03-06;3;0;0;0;0;;0;workday;0;;0;301;0
2025-03-07;4;0;0;1;0;;0;short_workday;0;;0;300;0
2025-03-08;5;1;1;0;0;Международный женский день;1;holiday;0;;0;299;0
2025-03-09;6;1;0;0;0;;1;sunday;0;;0;298;0
2025-03-10;0;0;0;0;0;;0;workday;0;;0;297;0
2025-03-11;1;0;0;0;0;;0;workday;0;;0;296;0
2025-03-12;2;0;0;0;0;;0;workday;0;;0;295;0
2025-03-13;3;0;0;0;0;;0;workday;0;;0;294;0
2025-03-14;4;0;0;0;0;;0;workday;0;;0;293;0
2025-03-15;5;1;0;0;0;;1;saturday;0;;0;292;0
2025-03-16;6;1;0;0;0;;1;sunday;0;;0;291;0
2025-03-17;0;0;0;0;0;;0;workday;0;;0;290;0
2025-03-18;1;0;0;0;0;;0;workday;0;;0;289;0
2025-03-19;2;0;0;0;0;;0;workday;0;;0;288;0
2025-03-20;3;0;0;0;0;;0;workday;0;;0;287;0
2025-03-21;4;0;0;0;0;;0;workday;0;;0;286;0
2025-03-22;5;1;0;0;0;;1;saturday;1;весенние 2024/25;0;285;0
2025-03-23;6;1;0;0;0;;1;sunday;1;весенние 2024/25;0;284;0
2025-03-24;0;0;0;0;0;;0;workday;1;весенние 2024/25;0;283;0
2025-03-25;1;0;0;0;0;;0;workday;1;весенние 2024/25;0;282;0
2025-03-26;2;0;0;0;0;;0;workday;1;весенние 2024/25;0;281;0
2025-03-27;3;0;0;0;0;;0;workday;1;весенние 2024/25;0;280;0
2025-03-28;4;0;0;0;0;;0;workday;1;весенние 2024/25;0;279;0
2025-03-29;5;1;0;0;0;;1;saturday;1;весенние 2024/25;0;278;0
2025-03-30;6;1;0;0;0;;1;sunday;1;весенние 2024/25;0;277;0
2025-03-31;0;0;0;0;0;;0;workday;0;;0;276;0
2025-04-01;1;0;0;0;0;;0;workday;0;;0;275;0
2025-04-02;2;0;0;0;0;;0;workday;0;;0;274;0
2025-04-03;3;0;0;0;0;;0;workday;0;;0;273;0
2025-04-04;4;0;0;0;0;;0;workday;0;;0;272;0
2025-04-05;5;1;0;0;0;;1;saturday;0;;0;271;0
2025-04-06;6;1;0;0;0;;1;sunday;0;;0;270;0
2025-04-07;0;0;0;0;0;;0;workday;0;;0;269;0
2025-04-08;1;0;0;0;0;;0;workday;0;;0;268;0
2025-04-09;2;0;0;0;0;;0;workday;0;;0;267;0
2025-04-10;3;0;0;0;0;;0;workday;0;;0;266;0
2025-04-11;4;0;0;0;0;;0;workday;0;;0;265;0
2025-04-12;5;1;0;0;0;;1;saturday;0;;0;264;0
2025-04-13;6;1;0;0;0;;1;sunday;0;;0;263;0
2025-04-14;0;0;0;0;0;;0;workday;0;;0;262;0
2025-04-15;1;0;0;0;0;;0;workday;0;;0;261;0
2025-04-16;2;0;0;0;0;;0;workday;0;;0;260;0
2025-04-17;3;0;0;0;0;;0;workday;0;;0;259;0
2025-04-18;4;0;0;0;0;;0;workday;0;;0;258;0
2025-04-19;5;1;0;0;0;;1;saturday;0;;0;257;0
2025-04-20;6;1;0;0;0;;1;sunday;0;;0;256;0
2025-04-21;0;0;0;0;0;;0;workday;0;;0;255;0
2025-04-22;1;0;0;0;0;;0;workday;0;;0;254;0
2025-04-23;2;0;0;0;0;;0;workday;0;;0;253;0
2025-04-24;3;0;0;0;0;;0;workday;0;;0;252;0
2025-04-25;4;0;0;0;0;;0;workday;0;;0;251;0
2025-04-26;5;1;0;0;0;;1;saturday;0;;0;250;0
2025-04-27;6;1;0;0;0;;1;sunday;0;;0;249;0
2025-04-28;0;0;0;0;0;;0;workday;0;;0;248;0
2025-04-29;1;0;0;0;0;;0;workday;0;;0;247;0
2025-04-30;2;0;0;1;0;;0;short_workday;0;;0;246;0
2025-05-01;3;0;1;0;0;Праздник Весны и Труда;1;holiday;0;;0;245;0
2025-05-02;4;0;1;0;0;перенос выходного;1;holiday;0;;0;244;0
2025-05-03;5;1;0;0;0;;1;saturday;0;;0;243;0
2025-05-04;6;1;0;0;0;;1;sunday;0;;0;242;0
2025-05-05;0;0;0;0;0;;0;workday;0;;0;241;0
2025-05-06;1;0;0;0;0;;0;workday;0;;0;240;0
2025-05-07;2;0;0;0;0;;0;workday;0;;0;239;0
2025-05-08;3;0;1;0;0;перенос выходного;1;holiday;0;;0;238;0
2025-05-09;4;0;1;0;0;День Победы;1;holiday;0;;0;237;0
2025-05-10;5;1;0;0;0;;1;saturday;0;;0;236;0
2025-05-11;6;1;0;0;0;;1;sunday;0;;0;235;0
2025-05-12;0;0;0;0;0;;0;workday;0;;0;234;0
2025-05-13;1;0;0;0;0;;0;workday;0;;0;233;0
2025-05-14;2;0;0;0;0;;0;workday;0;;0;232;0
2025-05-15;3;0;0;0;0;;0;workday;0;;0;231;0
2025-05-16;4;0;0;0;0;;0;workday;0;;0;230;0
2025-05-17;5;1;0;0;0;;1;saturday;0;;0;229;0
2025-05-18;6;1;0;0;0;;1;sunday;0;;0;228;0
2025-05-19;0;0;0;0;0;;0;workday;0;;0;227;0
2025-05-20;1;0;0;0;0;;0;workday;0;;0;226;0
2025-05-21;2;0;0;0;0;;0;workday;0;;0;225;0
2025-05-22;3;0;0;0;0;;0;workday;0;;0;224;0
2025-05-23;4;0;0;0;0;;0;workday;0;;0;223;0
2025-05-24;5;1;0;0;0;;1;saturday;0;;0;222;0
2025-05-25;6;1;0;0;0;;1;sunday;0;;0;221;0
2025-05-26;0;0;0;0;0;;0;workday;0;;0;220;0
2025-05-27;1;0;0;0;0;;0;workday;1;летние 2025;0;219;0
2025-05-28;2;0;0;0;0;;0;workday;1;летние 2025;0;218;0
2025-05-29;3;0;0;0;0;;0;workday;1;летние 2025;0;217;0
2025-05-30;4;0;0;0;0;;0;workday;1;летние 2025;0;216;0
2025-05-31;5;1;0;0;0;;1;saturday;1;летние 2025;0;215;0
2025-06-01;6;1;0;0;0;;1;sunday;1;летние 2025;0;214;0
2025-06-02;0;0;0;0;0;;0;workday;1;летние 2025;0;213;0
2025-06-03;1;0;0;0;0;;0;workday;1;летние 2025;0;212;0
2025-06-04;2;0;0;0;0;;0;workday;1;летние 2025;0;211;0
2025-06-05;3;0;0;0;0;;0;workday;1;летние 2025;0;210;0
2025-06-06;4;0;0;0;0;;0;workday;1;летние 2025;0;209;0
2025-06-07;5;1;0;0;0;;1;saturday;1;летние 2025;0;208;0
2025-06-08;6;1;0;0;0;;1;sunday;1;летние 2025;0;207;0
2025-06-09;0;0;0;0;0;;0;workday;1;летние 2025;0;206;0
2025-06-10;1;0;0;0;0;;0;workday;1;летние 2025;0;205;0
2025-06-11;2;0;0;1;0;;0;short_workday;1;летние 2025;0;204;0
2025-06-12;3;0;1;0;0;День России;1;holiday;1;летние 2025;0;203;0
2025-06-13;4;0;1;0;0;перенос выходного;1;holiday;1;летние 2025;0;202;0
2025-06-14;5;1;0;0;0;;1;saturday;1;летние 2025;0;201;0
2025-06-15;6;1;0;0;0;;1;sunday;1;летние 2025;0;200;0
2025-06-16;0;0;0;0;0;;0;workday;1;летние 2025;0;199;0
2025-06-17;1;0;0;0;0;;0;workday;1;летние 2025;0;198;0
2025-06-18;2;0;0;0;0;;0;workday;1;летние 2025;0;197;0
2025-06-19;3;0;0;0;0;;0;workday;1;летние 2025;0;196;0
2025-06-20;4;0;0;0;0;;0;workday;1;летние 2025;0;195;0
2025-06-21;5;1;0;0;0;;1;saturday;1;летние 2025;0;194;0
2025-06-22;6;1;0;0;0;;1;sunday;1;летние 2025;0;193;0
2025-06-23;0;0;0;0;0;;0;workday;1;летние 2025;0;192;0
2025-06-24;1;0;0;0;0;;0;workday;1;летние 2025;0;191;0
2025-06-25;2;0;0;0;0;;0;workday;1;летние 2025;0;190;0
2025-06-26;3;0;0;0;0;;0;workday;1;летние 2025;0;189;0
2025-06-27;4;0;0;0;0;;0;workday;1;летние 2025;0;188;0
2025-06-28;5;1;0;0;0;;1;saturday;1;летние 2025;0;187;0
2025-06-29;6;1;0;0;0;;1;sunday;1;летние 2025;0;186;0
2025-06-30;0;0;0;0;0;;0;workday;1;летние 2025;0;185;0
2025-07-01;1;0;0;0;0;;0;workday;1;летние 2025;0;184;0
2025-07-02;2;0;0;0;0;;0;workday;1;летние 2025;0;183;0
2025-07-03;3;0;0;0;0;;0;workday;1;летние 2025;0;182;0
2025-07-04;4;0;0;0;0;;0;workday;1;летние 2025;0;181;0
2025-07-05;5;1;0;0;0;;1;saturday;1;летние 2025;0;180;0
2025-07-06;6;1;0;0;0;;1;sunday;1;летние 2025;0;179;0
2025-07-07;0;0;0;0;0;;0;workday;1;летние 2025;0;178;0
2025-07-08;1;0;0;0;0;;0;workday;1;летние 2025;0;177;0
2025-07-09;2;0;0;0;0;;0;workday;1;летние 2025;0;176;0
2025-07-10;3;0;0;0;0;;0;workday;1;летние 2025;0;175;0
2025-07-11;4;0;0;0;0;;0;workday;1;летние 2025;0;174;0
2025-07-12;5;1;0;0;0;;1;saturday;1;летние 2025;0;173;0
2025-07-13;6;1;0;0;0;;1;sunday;1;летние 2025;0;172;0
2025-07-14;0;0;0;0;0;;0;workday;1;летние 2025;0;171;0
2025-07-15;1;0;0;0;0;;0;workday;1;летние 2025;0;170;0
2025-07-16;2;0;0;0;0;;0;workday;1;летние 2025;0;169;0
2025-07-17;3;0;0;0;0;;0;workday;1;летние 2025;0;168;0
2025-07-18;4;0;0;0;0;;0;workday;1;летние 2025;0;167;0
2025-07-19;5;1;0;0;0;;1;saturday;1;летние 2025;0;166;0
2025-07-20;6;1;0;0;0;;1;sunday;1;летние 2025;0;165;0
2025-07-21;0;0;0;0;0;;0;workday;1;летние 2025;0;164;0
2025-07-22;1;0;0;0;0;;0;workday;1;летние 2025;0;163;0
2025-07-23;2;0;0;0;0;;0;workday;1;летние 2025;0;162;0
2025-07-24;3;0;0;0;0;;0;workday;1;летние 2025;0;161;0
2025-07-25;4;0;0;0;0;;0;workday;1;летние 2025;0;160;0
2025-07-26;5;1;0;0;0;;1;saturday;1;летние 2025;0;159;0
2025-07-27;6;1;0;0;0;;1;sunday;1;летние 2025;0;158;0
2025-07-28;0;0;0;0;0;;0;workday;1;летние 2025;0;157;0
2025-07-29;1;0;0;0;0;;0;workday;1;летние 2025;0;156;0
2025-07-30;2;0;0;0;0;;0;workday;1;летние 2025;0;155;0
2025-07-31;3;0;0;0;0;;0;workday;1;летние 2025;0;154;0
2025-08-01;4;0;0;0;0;;0;workday;1;летние 2025;0;153;0
2025-08-02;5;1;0;0;0;;1;saturday;1;летние 2025;0;152;0
2025-08-03;6;1;0;0;0;;1;sunday;1;летние 2025;0;151;0
2025-08-04;0;0;0;0;0;;0;workday;1;летние 2025;0;150;0
2025-08-05;1;0;0;0;0;;0;workday;1;летние 2025;0;149;0
2025-08-06;2;0;0;0;0;;0;workday;1;летние 2025;0;148;0
2025-08-07;3;0;0;0;0;;0;workday;1;летние 2025;0;147;0
2025-08-08;4;0;0;0;0;;0;workday;1;летние 2025;0;146;0
2025-08-09;5;1;0;0;0;;1;saturday;1;летние 2025;0;145;0
2025-08-10;6;1;0;0;0;;1;sunday;1;летние 2025;0;144;0
2025-08-11;0;0;0;0;0;;0;workday;1;летние 2025;0;143;0
2025-08-12;1;0;0;0;0;;0;workday;1;летние 2025;0;142;0
2025-08-13;2;0;0;0;0;;0;workday;1;летние 2025;0;141;0
2025-08-14;3;0;0;0;0;;0;workday;1;летние 2025;0;140;0
2025-08-15;4;0;0;0;0;;0;workday;1;летние 2025;0;139;0
2025-08-16;5;1;0;0;0;;1;saturday;1;летние 2025;0;138;0
2025-08-17;6;1;0;0;0;;1;sunday;1;летние 2025;0;137;0
2025-08-18;0;0;0;0;0;;0;workday;1;летние 2025;0;136;0
2025-08-19;1;0;0;0;0;;0;workday;1;летние 2025;0;135;0
2025-08-20;2;0;0;0;0;;0;workday;1;летние 2025;0;134;0
2025-08-21;3;0;0;0;0;;0;workday;1;летние 2025;0;133;0
2025-08-22;4;0;0;0;0;;0;workday;1;летние 2025;0;132;0
2025-08-23;5;1;0;0;0;;1;saturday;1;летние 2025;0;131;0
2025-08-24;6;1;0;0;0;;1;sunday;1;летние 2025;0;130;0
2025-08-25;0;0;0;0;0;;0;workday;1;летние 2025;0;129;0
2025-08-26;1;0;0;0;0;;0;workday;1;летние 2025;0;128;0
2025-08-27;2;0;0;0;0;;0;workday;1;летние 2025;0;127;0
2025-08-28;3;0;0;0;0;;0;workday;1;летние 2025;0;126;0
2025-08-29;4;0;0;0;0;;0;workday;1;летние 2025;0;125;0
2025-08-30;5;1;0;0;0;;1;saturday;1;летние 2025;0;124;0
2025-08-31;6;1;0;0;0;;1;sunday;1;летние 2025;0;123;0
2025-09-01;0;0;0;0;0;;0;workday;0;;0;122;0
2025-09-02;1;0;0;0;0;;0;workday;0;;0;121;0
2025-09-03;2;0;0;0;0;;0;workday;0;;0;120;0
2025-09-04;3;0;0;0;0;;0;workday;0;;0;119;0
2025-09-05;4;0;0;0;0;;0;workday;0;;0;118;0
2025-09-06;5;1;0;0;0;;1;saturday;0;;0;117;0
2025-09-07;6;1;0;0;0;;1;sunday;0;;0;116;0
2025-09-08;0;0;0;0;0;;0;workday;0;;0;115;0
2025-09-09;1;0;0;0;0;;0;workday;0;;0;114;0
2025-09-10;2;0;0;0;0;;0;workday;0;;0;113;0
2025-09-11;3;0;0;0;0;;0;workday;0;;0;112;0
2025-09-12;4;0;0;0;0;;0;workday;0;;0;111;0
2025-09-13;5;1;0;0;0;;1;saturday;0;;0;110;0
2025-09-14;6;1;0;0;0;;1;sunday;0;;0;109;0
2025-09-15;0;0;0;0;0;;0;workday;0;;0;108;0
2025-09-16;1;0;0;0;0;;0;workday;0;;0;107;0
2025-09-17;2;0;0;0;0;;0;workday;0;;0;106;0
2025-09-18;3;0;0;0;0;;0;workday;0;;0;105;0
2025-09-19;4;0;0;0;0;;0;workday;0;;0;104;0
2025-09-20;5;1;0;0;0;;1;saturday;0;;0;103;0
2025-09-21;6;1;0;0;0;;1;sunday;0;;0;102;0
2025-09-22;0;0;0;0;0;;0;workday;0;;0;101;0
2025-09-23;1;0;0;0;0;;0;workday;0;;0;100;0
2025-09-24;2;0;0;0;0;;0;workday;0;;0;99;0
2025-09-25;3;0;0;0;0;;0;workday;0;;0;98;0
2025-09-26;4;0;0;0;0;;0;workday;0;;0;97;0
2025-09-27;5;1;0;0;0;;1;saturday;0;;0;96;0
2025-09-28;6;1;0;0;0;;1;sunday;0;;0;95;0
2025-09-29;0;0;0;0;0;;0;workday;0;;0;94;0
2025-09-30;1;0;0;0;0;;0;workday;0;;0;93;0
2025-10-01;2;0;0;0;0;;0;workday;0;;0;92;0
2025-10-02;3;0;0;0;0;;0;workday;0;;0;91;0
2025-10-03;4;0;0;0;0;;0;workday;0;;0;90;0
2025-10-04;5;1;0;0;0;;1;saturday;0;;0;89;0
2025-10-05;6;1;0;0;0;;1;sunday;0;;0;88;0
2025-10-06;0;0;0;0;0;;0;workday;0;;0;87;0
2025-10-07;1;0;0;0;0;;0;workday;0;;0;86;0
2025-10-08;2;0;0;0;0;;0;workday;0;;0;85;0
2025-10-09;3;0;0;0;0;;0;workday;0;;0;84;0
2025-10-10;4;0;0;0;0;;0;workday;0;;0;83;0
2025-10-11;5;1;0;0;0;;1;saturday;0;;0;82;0
2025-10-12;6;1;0;0;0;;1;sunday;0;;0;81;0
2025-10-13;0;0;0;0;0;;0;workday;0;;0;80;0
2025-10-14;1;0;0;0;0;;0;workday;0;;0;79;0
2025-10-15;2;0;0;0;0;;0;workday;0;;0;78;0
2025-10-16;3;0;0;0;0;;0;workday;0;;0;77;0
2025-10-17;4;0;0;0;0;;0;workday;0;;0;76;0
2025-10-18;5;1;0;0;0;;1;saturday;0;;0;75;0
2025-10-19;6;1;0;0;0;;1;sunday;0;;0;74;0
2025-10-20;0;0;0;0;0;;0;workday;0;;0;73;0
2025-10-21;1;0;0;0;0;;0;workday;0;;0;72;0
2025-10-22;2;0;0;0;0;;0;workday;0;;0;71;0
2025-10-23;3;0;0;0;0;;0;workday;0;;0;70;0
2025-10-24;4;0;0;0;0;;0;workday;0;;0;69;0
2025-10-25;5;1;0;0;0;;1;saturday;1;осенние 2025/26;0;68;0
2025-10-26;6;1;0;0;0;;1;sunday;1;осенние 2025/26;0;67;0
2025-10-27;0;0;0;0;0;;0;workday;1;осенние 2025/26;0;66;0
2025-10-28;1;0;0;0;0;;0;workday;1;осенние 2025/26;0;65;0
2025-10-29;2;0;0;0;0;;0;workday;1;осенние 2025/26;0;64;0
2025-10-30;3;0;0;0;0;;0;workday;1;осенние 2025/26;0;63;0
2025-10-31;4;0;0;0;0;;0;workday;1;осенние 2025/26;0;62;0
2025-11-01;5;1;0;1;1;;0;working_weekend;1;осенние 2025/26;0;61;0
2025-11-02;6;1;0;0;0;;1;sunday;1;осенние 2025/26;0;60;0
2025-11-03;0;0;1;0;0;перенос выходного;1;holiday;0;;0;59;0
2025-11-04;1;0;1;0;0;День народного единства;1;holiday;0;;0;58;0
2025-11-05;2;0;0;0;0;;0;workday;0;;0;57;0
2025-11-06;3;0;0;0;0;;0;workday;0;;0;56;0
2025-11-07;4;0;0;0;0;;0;workday;0;;0;55;0
2025-11-08;5;1;0;0;0;;1;saturday;0;;0;54;0
2025-11-09;6;1;0;0;0;;1;sunday;0;;0;53;0
2025-11-10;0;0;0;0;0;;0;workday;0;;0;52;0
2025-11-11;1;0;0;0;0;;0;workday;0;;0;51;0
2025-11-12;2;0;0;0;0;;0;workday;0;;0;50;0
2025-11-13;3;0;0;0;0;;0;workday;0;;0;49;0
2025-11-14;4;0;0;0;0;;0;workday;0;;0;48;0
2025-11-15;5;1;0;0;0;;1;saturday;0;;1;47;0
2025-11-16;6;1;0;0;0;;1;sunday;0;;1;46;0
2025-11-17;0;0;0;0;0;;0;workday;0;;1;45;0
2025-11-18;1;0;0;0;0;;0;workday;0;;1;44;0
2025-11-19;2;0;0;0;0;;0;workday;0;;1;43;0
2025-11-20;3;0;0;0;0;;0;workday;0;;1;42;0
2025-11-21;4;0;0;0;0;;0;workday;0;;1;41;0
2025-11-22;5;1;0;0;0;;1;saturday;0;;1;40;0
2025-11-23;6;1;0;0;0;;1;sunday;0;;1;39;0
2025-11-24;0;0;0;0;0;;0;workday;0;;0;38;0
2025-11-25;1;0;0;0;0;;0;workday;0;;0;37;0
2025-11-26;2;0;0;0;0;;0;workday;0;;0;36;0
2025-11-27;3;0;0;0;0;;0;workday;0;;0;35;0
2025-11-28;4;0;0;0;0;;0;workday;0;;0;34;0
2025-11-29;5;1;0;0;0;;1;saturday;0;;0;33;0
2025-11-30;6;1;0;0;0;;1;sunday;0;;0;32;0
2025-12-01;0;0;0;0;0;;0;workday;0;;0;31;0
2025-12-02;1;0;0;0;0;;0;workday;0;;0;30;0
2025-12-03;2;0;0;0;0;;0;workday;0;;0;29;0
2025-12-04;3;0;0;0;0;;0;workday;0;;0;28;0
2025-12-05;4;0;0;0;0;;0;workday;0;;0;27;0
2025-12-06;5;1;0;0;0;;1;saturday;0;;0;26;0
2025-12-07;6;1;0;0;0;;1;sunday;0;;0;25;0
2025-12-08;0;0;0;0;0;;0;workday;0;;0;24;0
2025-12-09;1;0;0;0;0;;0;workday;0;;0;23;0
2025-12-10;2;0;0;0;0;;0;workday;0;;0;22;0
2025-12-11;3;0;0;0;0;;0;workday;0;;0;21;0
2025-12-12;4;0;0;0;0;;0;workday;0;;0;20;0
2025-12-13;5;1;0;0;0;;1;saturday;0;;0;19;0
2025-12-14;6;1;0;0;0;;1;sunday;0;;0;18;0
2025-12-15;0;0;0;0;0;;0;workday;0;;0;17;0
2025-12-16;1;0;0;0;0;;0;workday;0;;0;16;0
2025-12-17;2;0;0;0;0;;0;workday;0;;0;15;0
2025-12-18;3;0;0;0;0;;0;workday;0;;0;14;0
2025-12-19;4;0;0;0;0;;0;workday;0;;0;13;0
2025-12-20;5;1;0;0;0;;1;saturday;0;;0;12;0
2025-12-21;6;1;0;0;0;;1;sunday;0;;0;11;0
2025-12-22;0;0;0;0;0;;0;workday;0;;0;10;0
2025-12-23;1;0;0;0;0;;0;workday;0;;0;9;0
2025-12-24;2;0;0;0;0;;0;workday;0;;0;8;1
2025-12-25;3;0;0;0;0;;0;workday;0;;0;7;1
2025-12-26;4;0;0;0;0;;0;workday;0;;0;6;1
2025-12-27;5;1;0;0;0;;1;saturday;0;;0;5;1
2025-12-28;6;1;0;0;0;;1;sunday;0;;0;4;1
2025-12-29;0;0;0;0;0;;0;workday;0;;0;3;1
2025-12-30;1;0;0;0;0;;0;workday;0;;0;2;1
2025-12-31;2;0;1;0;0;перенос выходного;1;holiday;1;зимние 2025/26;0;1;1
