month;route;boardings;low;high;source;model_version
2025-11;1;542933.554962437;515786.8772143152;570080.2327105589;модель (ноя–дек);20260927_1334_g103
2025-11;5;0.0;0.0;0.0;модель (ноя–дек);20260927_1334_g103
2025-11;7;668357.0797812851;634939.2257922209;701774.9337703495;модель (ноя–дек);20260927_1334_g103
2025-11;11;895234.3969990773;850472.6771491234;939996.1168490314;модель (ноя–дек);20260927_1334_g103
2025-11;12;945662.1801451771;898379.0711379182;992945.2891524358;модель (ноя–дек);20260927_1334_g103
2025-11;17;1527207.4190317204;1450847.0480801344;1603567.7899833065;модель (ноя–дек);20260927_1334_g103
2025-11;25;234040.25618844738;222338.24337902505;245742.2689978698;модель (ноя–дек);20260927_1334_g103
2025-11;26;515555.7428879638;489777.95574356563;541333.530032362;модель (ноя–дек);20260927_1334_g103
2025-11;28;307096.94836557336;291742.1009472947;322451.795783852;модель (ноя–дек);20260927_1334_g103
2025-11;50;580908.2869062795;551862.8725609655;609953.7012515935;модель (ноя–дек);20260927_1334_g103
2025-12;1;582986.9351900722;553837.5884305686;612136.2819495758;модель (ноя–дек);20260927_1334_g103
2025-12;5;0.0;0.0;0.0;модель (ноя–дек);20260927_1334_g103
2025-12;7;737795.3297410303;700905.5632539788;774685.0962280818;модель (ноя–дек);20260927_1334_g103
2025-12;11;944354.5767697731;897136.8479312846;991572.3056082621;модель (ноя–дек);20260927_1334_g103
2025-12;12;1002867.1106734031;952723.755139733;1053010.4662070733;модель (ноя–дек);20260927_1334_g103
2025-12;17;1587877.817772071;1508483.9268834672;1667271.7086606747;модель (ноя–дек);20260927_1334_g103
2025-12;25;243317.40017209004;231151.53016348553;255483.27018069456;модель (ноя–дек);20260927_1334_g103
2025-12;26;546961.0870342492;519613.03268253675;574309.1413859617;модель (ноя–дек);20260927_1334_g103
2025-12;28;323785.43029008084;307596.1587755768;339974.7018045849;модель (ноя–дек);20260927_1334_g103
2025-12;50;678482.2165361753;644558.1057093666;712406.3273629842;модель (ноя–дек);20260927_1334_g103
2026-01;1;486983.0530120141;421229.1343080732;552736.9717159552;сезонный индекс 2025;20260927_1334_g103
2026-01;5;0.0;0.0;0.0;сезонный индекс 2025;20260927_1334_g103
2026-01;7;578911.6785719781;500745.2799382976;657078.0772056587;сезонный индекс 2025;20260927_1334_g103
2026-01;11;817923.0;707484.5727992146;928361.4272007854;сезонный индекс 2025;20260927_1334_g103
2026-01;12;850537.4366421539;735695.309965013;965379.5633192948;сезонный индекс 2025;20260927_1334_g103
2026-01;17;1312926.5172268518;1135651.2240846632;1490201.8103690404;сезонный индекс 2025;20260927_1334_g103
2026-01;25;198982.0135095245;172114.86267352;225849.164345529;сезонный индекс 2025;20260927_1334_g103
2026-01;26;467246.3820179262;404157.3680822415;530335.395953611;сезонный индекс 2025;20260927_1334_g103
2026-01;28;257938.322650915;223110.71336694117;292765.9319348889;сезонный индекс 2025;20260927_1334_g103
2026-01;50;495849.3138849821;428898.24593109655;562800.3818388678;сезонный индекс 2025;20260927_1334_g103
2026-02;1;515218.3316512756;462519.6833819808;567916.9799205703;сезонный индекс 2025;20260927_1334_g103
2026-02;5;0.0;0.0;0.0;сезонный индекс 2025;20260927_1334_g103
2026-02;7;612476.9791525695;549830.316728982;675123.6415761571;сезонный индекс 2025;20260927_1334_g103
2026-02;11;865346.177598525;776835.0143829479;953857.340814102;сезонный индекс 2025;20260927_1334_g103
2026-02;12;899851.5993592739;807811.0798047533;991892.1189137944;сезонный индекс 2025;20260927_1334_g103
2026-02;17;1389050.0;1246972.2576497728;1531127.7423502272;сезонный индекс 2025;20260927_1334_g103
2026-02;25;210518.99115359888;188986.24360315016;232051.7387040476;сезонный индекс 2025;20260927_1334_g103
2026-02;26;494337.3284232777;443774.47497536574;544900.1818711896;сезонный индекс 2025;20260927_1334_g103
2026-02;28;272893.58724738675;244980.9096778511;300806.2648169224;сезонный индекс 2025;20260927_1334_g103
2026-02;50;524598.6583519726;470940.5517189454;578256.7649849998;сезонный индекс 2025;20260927_1334_g103
2026-03;1;574539.0062125371;521855.659269723;627222.3531553512;сезонный индекс 2025;20260927_1334_g103
2026-03;5;0.0;0.0;0.0;сезонный индекс 2025;20260927_1334_g103
2026-03;7;682995.719120785;620367.2464813029;745624.1917602671;сезонный индекс 2025;20260927_1334_g103
2026-03;11;964979.5093932836;876494.0458540746;1053464.9729324928;сезонный индекс 2025;20260927_1334_g103
2026-03;12;1003457.7806609751;911443.985549783;1095471.5757721676;сезонный индекс 2025;20260927_1334_g103
2026-03;17;1548981.0;1406944.51066086;1691017.48933914;сезонный индекс 2025;20260927_1334_g103
2026-03;25;234757.5086829796;213231.01327772083;256284.00408823832;сезонный индекс 2025;20260927_1334_g103
2026-03;26;551253.8276652512;500705.65540469054;601801.999925812;сезонный индекс 2025;20260927_1334_g103
2026-03;28;304313.7264087286;276409.1534302302;332218.2993872269;сезонный индекс 2025;20260927_1334_g103
2026-03;50;584999.3552519326;531356.8285291098;638641.8819747556;сезонный индекс 2025;20260927_1334_g103
2026-04;1;559674.8697573554;453091.7482826388;666257.9912320721;сезонный индекс 2025;20260927_1334_g103
2026-04;5;0.0;0.0;0.0;сезонный индекс 2025;20260927_1334_g103
2026-04;7;665325.6541512349;538622.6541623481;792028.6541401217;сезонный индекс 2025;20260927_1334_g103
2026-04;11;940014.1250608404;761000.1205143334;1119028.1296073478;сезонный индекс 2025;20260927_1334_g103
2026-04;12;977496.9090448176;791344.7742472474;1163649.043842388;сезонный индекс 2025;20260927_1334_g103
2026-04;17;1508906.6713617;1221554.153430211;1796259.1892931892;сезонный индекс 2025;20260927_1334_g103
2026-04;25;228684.0;185133.97503302;272234.02496698;сезонный индекс 2025;20260927_1334_g103
2026-04;26;536992.111702965;434728.63952417055;639255.5838817594;сезонный индекс 2025;20260927_1334_g103
2026-04;28;296440.70002477086;239987.25384004525;352894.1462094965;сезонный индекс 2025;20260927_1334_g103
2026-04;50;569864.5947767817;461340.9668433593;678388.2227102042;сезонный индекс 2025;20260927_1334_g103
2026-05;1;524343.1912149724;492408.8370188466;556277.5454110983;сезонный индекс 2025;20260927_1334_g103
2026-05;5;0.0;0.0;0.0;сезонный индекс 2025;20260927_1334_g103
2026-05;7;623324.3540952515;585361.6971250608;661287.0110654422;сезонный индекс 2025;20260927_1334_g103
2026-05;11;880672.0343460153;827035.993778268;934308.0749137626;сезонный индекс 2025;20260927_1334_g103
2026-05;12;915788.570091672;860013.8083401058;971563.3318432384;сезонный индекс 2025;20260927_1334_g103
2026-05;17;1413651.0;1327554.6560404212;1499747.3439595788;сезонный индекс 2025;20260927_1334_g103
2026-05;25;214247.42260053725;201198.9970777816;227295.84812329293;сезонный индекс 2025;20260927_1334_g103
2026-05;26;503092.3715221879;472452.2673790758;533732.4756652999;сезонный индекс 2025;20260927_1334_g103
2026-05;28;277726.7143053566;260812.17548240972;294641.2531283035;сезонный индекс 2025;20260927_1334_g103
2026-05;50;533889.6497447353;501373.88247199135;566405.4170174793;сезонный индекс 2025;20260927_1334_g103
2026-06;1;476809.9938551256;438168.2718109802;515451.715899271;сезонный индекс 2025;20260927_1334_g103
2026-06;5;0.0;0.0;0.0;сезонный индекс 2025;20260927_1334_g103
2026-06;7;566818.2336023826;520882.04745970765;612754.4197450575;сезонный индекс 2025;20260927_1334_g103
2026-06;11;800836.6167812919;735935.0703639594;865738.1631986244;сезонный индекс 2025;20260927_1334_g103
2026-06;12;832769.738968503;765280.262668277;900259.2152687289;сезонный индекс 2025;20260927_1334_g103
2026-06;17;1285499.527630836;1181319.841645303;1389679.213616369;сезонный индекс 2025;20260927_1334_g103
2026-06;25;194825.2861202056;179036.21992937505;210614.35231103608;сезонный индекс 2025;20260927_1334_g103
2026-06;26;457485.6212363939;420409.98850462446;494561.2539681634;сезонный индекс 2025;20260927_1334_g103
2026-06;28;252550.00000000003;232082.7970721728;273017.20292782725;сезонный индекс 2025;20260927_1334_g103
2026-06;50;485491.0388447005;446145.785977244;524836.291712157;сезонный индекс 2025;20260927_1334_g103
2026-07;1;460157.0;398902.27888266393;521411.72111733607;сезонный индекс 2025;20260927_1334_g103
2026-07;5;0.0;0.0;0.0;сезонный индекс 2025;20260927_1334_g103
2026-07;7;547021.6255555688;474203.7457481157;619839.505363022;сезонный индекс 2025;20260927_1334_g103
2026-07;11;772866.718016396;669985.0161777515;875748.4198550406;сезонный индекс 2025;20260927_1334_g103
2026-07;12;803684.548799459;696700.4696633752;910668.6279355428;сезонный индекс 2025;20260927_1334_g103
2026-07;17;1240602.3652175255;1075457.0954532777;1405747.634981773;сезонный индекс 2025;20260927_1334_g103
2026-07;25;188020.8475925;162992.0757091564;213049.6194758436;сезонный индекс 2025;20260927_1334_g103
2026-07;26;441507.54750169616;382735.38562343415;500279.70937995816;сезонный индекс 2025;20260927_1334_g103
2026-07;28;243729.47683078592;211284.93913746817;276174.01452410367;сезонный индекс 2025;20260927_1334_g103
2026-07;50;468534.8521229602;406164.89643274096;530904.8078131794;сезонный индекс 2025;20260927_1334_g103
2026-08;1;451070.0;391252.1959005919;510887.8040994081;сезонный индекс 2025;20260927_1334_g103
2026-08;5;0.0;0.0;0.0;сезонный индекс 2025;20260927_1334_g103
2026-08;7;536219.2569913104;465109.54348999925;607328.9704926214;сезонный индекс 2025;20260927_1334_g103
2026-08;11;757604.4491242245;657136.152579225;858072.7456692238;сезонный индекс 2025;20260927_1334_g103
2026-08;12;787813.7014692201;683339.2614459079;892288.1414925322;сезонный индекс 2025;20260927_1334_g103
2026-08;17;1216103.4361721524;1054832.154309996;1377374.7180343089;сезонный индекс 2025;20260927_1334_g103
2026-08;25;184307.8856206664;159866.2402085726;208749.53103276016;сезонный индекс 2025;20260927_1334_g103
2026-08;26;432788.8295768403;375395.3486890855;490182.3104645951;сезонный индекс 2025;20260927_1334_g103
2026-08;28;238916.40269312996;207232.95096184;270599.8544244199;сезонный индекс 2025;20260927_1334_g103
2026-08;50;459282.4095843455;398375.53215330257;520189.2870153883;сезонный индекс 2025;20260927_1334_g103
2026-09;1;546805.0;514834.6195023226;578775.3804976774;сезонный индекс 2025;20260927_1334_g103
2026-09;5;0.0;0.0;0.0;сезонный индекс 2025;20260927_1334_g103
2026-09;7;650026.3170220442;612020.8330036124;688031.8010404761;сезонный индекс 2025;20260927_1334_g103
2026-09;11;918398.2548238004;864701.7054961246;972094.804151476;сезонный индекс 2025;20260927_1334_g103
2026-09;12;955019.1124035668;899181.4291232454;1010856.7956838884;сезонный индекс 2025;20260927_1334_g103
2026-09;17;1474208.9684885135;1388015.4961251186;1560402.4408519089;сезонный индекс 2025;20260927_1334_g103
2026-09;25;223425.35171216988;210362.2057880005;236488.4976363393;сезонный индекс 2025;20260927_1334_g103
2026-09;26;524643.8378893833;493969.1675350791;555318.5082436876;сезонный индекс 2025;20260927_1334_g103
2026-09;28;289623.9687290596;272690.34800226404;306557.5894558552;сезонный индекс 2025;20260927_1334_g103
2026-09;50;556760.4096321369;524207.96014469233;589312.8591195815;сезонный индекс 2025;20260927_1334_g103
2026-10;1;589288.0;554833.7401034825;623742.2598965176;сезонный индекс 2025;20260927_1334_g103
2026-10;5;0.0;0.0;0.0;сезонный индекс 2025;20260927_1334_g103
2026-10;7;700528.9057438874;659570.656155362;741487.1553324128;сезонный индекс 2025;20260927_1334_g103
2026-10;11;989751.5033487396;931883.1002430486;1047619.9064544308;сезонный индекс 2025;20260927_1334_g103
2026-10;12;1029217.550516314;969041.6620279244;1089393.439004704;сезонный индекс 2025;20260927_1334_g103
2026-10;17;1588744.8992285354;1495854.7849426742;1681635.0135143965;сезонный индекс 2025;20260927_1334_g103
2026-10;25;240783.9698974244;226705.90708643707;254862.0327084118;сезонный индекс 2025;20260927_1334_g103
2026-10;26;565405.0675143038;532347.1855568469;598462.9494717608;сезонный индекс 2025;20260927_1334_g103
2026-10;28;312125.76564663835;293876.5186740396;330375.0126192372;сезонный индекс 2025;20260927_1334_g103
2026-10;50;600016.8767134586;564935.3250569133;635098.4283700038;сезонный индекс 2025;20260927_1334_g103
