source;scope;without_score;with_score;delta_pp;metric;period;notes
календарь (xmlcalendar + школьные каникулы);все маршруты и часы;0.9100;0.9101;+0.01;WAPE-score, поток, прогноз на 1 день, источник выключается по одному;02.09–31.10.2025 (60 ежедневных отсечек);ПРОТОКОЛ A. В сен–окт праздников нет, эффекта здесь не ожидается — см. протокол B
погода (Open-Meteo, архив прогнозов, ≤ 7 дней);все маршруты и часы;0.9103;0.9101;-0.02;WAPE-score, поток, прогноз на 1 день, источник выключается по одному;02.09–31.10.2025 (60 ежедневных отсечек);ПРОТОКОЛ A. Эффект дождя есть только при t ≥ 10 °C, осень холодная — см. протокол C
режимы и ремонты маршрутов (Telegram @DtOperativno, newsvostok);все маршруты и часы;0.9101;0.9101;-0.00;WAPE-score, поток, прогноз на 1 день, источник выключается по одному;02.09–31.10.2025 (60 ежедневных отсечек);ПРОТОКОЛ A. Ремонт действует весь период и внутри него не меняется — см. протокол D
сбои трамваев: ДТП, контактная сеть (Telegram @DtOperativno);все маршруты и часы;0.9096;0.9101;+0.05;WAPE-score, поток, прогноз на 1 день, источник выключается по одному;02.09–31.10.2025 (60 ежедневных отсечек);ПРОТОКОЛ A
сбои трамваев: ДТП, контактная сеть (Telegram @DtOperativno);только затронутые часы (3 ч после поста о сбое, тот же маршрут);0.7632;0.8276;+6.44;WAPE-score, поток, прогноз на 1 день;02.09–31.10.2025, n = 63 маршрут-часа;ПРОТОКОЛ A. Подмножество задано механизмом (пост → маршрут → 3 часа), а не выбрано по результату
трафик (баллы ЦОДД, Telegram @DtOperativno);все маршруты и часы;0.9101;0.9093;-0.08;WAPE-score, поток, прогноз на 1 день, источник выключается по одному;02.09–31.10.2025 (60 ежедневных отсечек);ПРОТОКОЛ A. Отрицательно: трафика НЕТ в модели сабмита (TRAFFIC_IN_MODEL=False)
трафик (баллы ЦОДД, Telegram @DtOperativno);только затронутые часы (часы с постом о балле пробок);0.9185;0.9135;-0.50;WAPE-score, поток, прогноз на 1 день;02.09–31.10.2025, n = 1250 маршрут-часов;ПРОТОКОЛ A. Отрицательно и на релевантном подмножестве; вариант «только баллы 0–4» тоже отрицателен. Оставлен ручной поправкой kTraffic в UI и онлайн-источником external.traffic_score
календарь (xmlcalendar + школьные каникулы);фолд F3 с майскими праздниками;0.8146;0.8513;+3.67;WAPE-score, прямой прогноз на 61 день;отсечка 31.03.2025, прогноз 01.04–31.05.2025;ПРОТОКОЛ B: хронологические фолды, одни и те же для всех вариантов
календарь (xmlcalendar + школьные каникулы);среднее по 5 фолдам F1–F5;0.8866;0.8940;+0.74;WAPE-score, прямой прогноз на 19–61 день;фолды F1–F5 (мар–май, авг–окт);ПРОТОКОЛ B
погода (Open-Meteo, архив прогнозов, ≤ 7 дней);среднее по 5 фолдам F1–F5;0.8940;0.8940;+0.00;WAPE-score, прямой прогноз на 19–61 день;фолды F1–F5;ПРОТОКОЛ B. Ожидаемо ≈ 0: прогноз погоды используется только на первые 7 дней горизонта
погода (Open-Meteo, архив прогнозов, ≤ 7 дней);прогноз на день вперёд, все дни;;;+0.64;изменение WAPE-score прогноза на день вперёд от поправки на дождь;02–10.2025 (292 ежедневные отсечки);ПРОТОКОЛ C: дождь днём при t ≥ 10 °C, коэффициент −1.8% на мм подобран на данных до каждой отсечки
погода (Open-Meteo, архив прогнозов, ≤ 7 дней);прогноз на день вперёд, тёплый сезон;;;+1.22;то же;04–08.2025;ПРОТОКОЛ C. Июнь +1.00, июль +2.56, август +2.96; сен–окт −0.02 (холодно, эффекта нет)
режимы и ремонты маршрутов (Telegram @DtOperativno, newsvostok);маршруты 7 и 50, прогноз ноя–дек;0.880;0.890;+1.0;WAPE-score лидерборда (организаторы, весь ноя–дек);01.11–31.12.2025;ПРОТОКОЛ D: дата окончания ремонта (15.11) взята из поста t.me/DtOperativno/23565, а не подобрана по лидерборду; объём прогноза 7+50 на ноя–дек 2 389 552 → 2 623 320
трафик (баллы ЦОДД, Telegram @DtOperativno);оперативная поправка часа по опубликованному баллу, все маршрут-часы с баллом;0.8625;0.8624;-0.01;WAPE-score, база «обычный уровень» × K(корзина балла) против база × K_all, K только по данным до даты;01.03–31.10.2025, 167 часов, n = 1503 маршрут-часа;ПРОТОКОЛ E (docs/traffic-operational-test.md), записан до запуска. Не подтверждён; корзина 6–7 даёт +0.28, 0–4 и 5 — отрицательно, выбор корзины после просмотра не засчитывается
