post_id;date;hour;score;kind;part_of_day;url
45804;2025-03-04;12;6;forecast;;https://t.me/DtRoad/45804
47862;2025-05-14;13;4;fact;;https://t.me/DtRoad/47862
47862;2025-05-14;13;2;fact;;https://t.me/DtRoad/47862
49972;2025-07-14;16;7;fact;;https://t.me/DtRoad/49972
49972;2025-07-14;16;4;fact;;https://t.me/DtRoad/49972
49972;2025-07-14;16;5;fact;;https://t.me/DtRoad/49972
49972;2025-07-14;16;2;fact;;https://t.me/DtRoad/49972
49996;2025-07-15;13;5;fact;;https://t.me/DtRoad/49996
50183;2025-07-21;11;5;fact;;https://t.me/DtRoad/50183
50238;2025-07-22;19;4;fact;;https://t.me/DtRoad/50238
50239;2025-07-22;20;4;fact;;https://t.me/DtRoad/50239
54469;2025-11-21;17;5;fact;;https://t.me/DtRoad/54469
55726;2025-12-24;18;8;fact;;https://t.me/DtRoad/55726
