post_id;date;hour;route;cause;url
19896;2025-01-02;20;11;foreign_vehicle;https://t.me/DtOperativno/19896
19896;2025-01-02;20;17;foreign_vehicle;https://t.me/DtOperativno/19896
19896;2025-01-02;20;25;foreign_vehicle;https://t.me/DtOperativno/19896
19900;2025-01-03;15;11;foreign_vehicle;https://t.me/DtOperativno/19900
19900;2025-01-03;15;17;foreign_vehicle;https://t.me/DtOperativno/19900
19900;2025-01-03;15;25;foreign_vehicle;https://t.me/DtOperativno/19900
19927;2025-01-09;17;11;other;https://t.me/DtOperativno/19927
19927;2025-01-09;17;17;other;https://t.me/DtOperativno/19927
19927;2025-01-09;17;25;other;https://t.me/DtOperativno/19927
20024;2025-01-21;17;1;dtp;https://t.me/DtOperativno/20024
20083;2025-01-28;16;50;dtp;https://t.me/DtOperativno/20083
20084;2025-01-28;18;50;dtp;https://t.me/DtOperativno/20084
20288;2025-02-26;13;7;other;https://t.me/DtOperativno/20288
20288;2025-02-26;13;11;other;https://t.me/DtOperativno/20288
20336;2025-03-03;9;17;other;https://t.me/DtOperativno/20336
20404;2025-03-08;10;7;catenary;https://t.me/DtOperativno/20404
20404;2025-03-08;10;50;catenary;https://t.me/DtOperativno/20404
20405;2025-03-08;11;7;catenary;https://t.me/DtOperativno/20405
20405;2025-03-08;11;50;catenary;https://t.me/DtOperativno/20405
20465;2025-03-14;19;26;other;https://t.me/DtOperativno/20465
20466;2025-03-14;21;26;other;https://t.me/DtOperativno/20466
20507;2025-03-20;16;28;other;https://t.me/DtOperativno/20507
21125;2025-05-10;22;26;other;https://t.me/DtOperativno/21125
21126;2025-05-10;23;26;other;https://t.me/DtOperativno/21126
21127;2025-05-11;0;26;other;https://t.me/DtOperativno/21127
21133;2025-05-12;7;26;other;https://t.me/DtOperativno/21133
21300;2025-05-27;10;26;dtp;https://t.me/DtOperativno/21300
21301;2025-05-27;11;26;dtp;https://t.me/DtOperativno/21301
21448;2025-06-05;13;7;catenary;https://t.me/DtOperativno/21448
21448;2025-06-05;13;50;catenary;https://t.me/DtOperativno/21448
21450;2025-06-05;15;7;catenary;https://t.me/DtOperativno/21450
21450;2025-06-05;15;50;catenary;https://t.me/DtOperativno/21450
21501;2025-06-09;10;7;other;https://t.me/DtOperativno/21501
21502;2025-06-09;11;7;other;https://t.me/DtOperativno/21502
21886;2025-07-14;18;28;catenary;https://t.me/DtOperativno/21886
21892;2025-07-14;22;28;catenary;https://t.me/DtOperativno/21892
21918;2025-07-16;17;17;other;https://t.me/DtOperativno/21918
21921;2025-07-16;21;17;other;https://t.me/DtOperativno/21921
22183;2025-08-01;23;17;catenary;https://t.me/DtOperativno/22183
22186;2025-08-02;0;17;catenary;https://t.me/DtOperativno/22186
22298;2025-08-09;22;11;dtp;https://t.me/DtOperativno/22298
22298;2025-08-09;22;12;dtp;https://t.me/DtOperativno/22298
22299;2025-08-09;23;11;dtp;https://t.me/DtOperativno/22299
22299;2025-08-09;23;12;dtp;https://t.me/DtOperativno/22299
22363;2025-08-15;13;7;other;https://t.me/DtOperativno/22363
22363;2025-08-15;13;50;other;https://t.me/DtOperativno/22363
22366;2025-08-15;14;7;other;https://t.me/DtOperativno/22366
22366;2025-08-15;14;50;other;https://t.me/DtOperativno/22366
22498;2025-08-26;14;7;catenary;https://t.me/DtOperativno/22498
22498;2025-08-26;14;50;catenary;https://t.me/DtOperativno/22498
22499;2025-08-26;16;7;catenary;https://t.me/DtOperativno/22499
22499;2025-08-26;16;50;catenary;https://t.me/DtOperativno/22499
22707;2025-09-12;12;11;catenary;https://t.me/DtOperativno/22707
22707;2025-09-12;12;12;catenary;https://t.me/DtOperativno/22707
22709;2025-09-12;13;11;catenary;https://t.me/DtOperativno/22709
22709;2025-09-12;13;12;catenary;https://t.me/DtOperativno/22709
22764;2025-09-16;15;11;other;https://t.me/DtOperativno/22764
22764;2025-09-16;15;17;other;https://t.me/DtOperativno/22764
22764;2025-09-16;15;25;other;https://t.me/DtOperativno/22764
22765;2025-09-16;16;11;other;https://t.me/DtOperativno/22765
22765;2025-09-16;16;17;other;https://t.me/DtOperativno/22765
22765;2025-09-16;16;25;other;https://t.me/DtOperativno/22765
22837;2025-09-22;10;26;foreign_vehicle;https://t.me/DtOperativno/22837
22838;2025-09-22;11;26;foreign_vehicle;https://t.me/DtOperativno/22838
22840;2025-09-22;13;11;catenary;https://t.me/DtOperativno/22840
22840;2025-09-22;13;12;catenary;https://t.me/DtOperativno/22840
22841;2025-09-22;14;11;catenary;https://t.me/DtOperativno/22841
22841;2025-09-22;14;12;catenary;https://t.me/DtOperativno/22841
22842;2025-09-22;15;11;catenary;https://t.me/DtOperativno/22842
22842;2025-09-22;15;12;catenary;https://t.me/DtOperativno/22842
22857;2025-09-24;8;17;other;https://t.me/DtOperativno/22857
22858;2025-09-24;9;17;other;https://t.me/DtOperativno/22858
22883;2025-09-24;21;7;other;https://t.me/DtOperativno/22883
22883;2025-09-24;21;50;other;https://t.me/DtOperativno/22883
23028;2025-10-06;19;17;dtp;https://t.me/DtOperativno/23028
23031;2025-10-06;20;17;dtp;https://t.me/DtOperativno/23031
23050;2025-10-08;20;11;other;https://t.me/DtOperativno/23050
23050;2025-10-08;20;12;other;https://t.me/DtOperativno/23050
23052;2025-10-08;21;11;other;https://t.me/DtOperativno/23052
23052;2025-10-08;21;12;other;https://t.me/DtOperativno/23052
23287;2025-10-28;14;7;dtp;https://t.me/DtOperativno/23287
23290;2025-10-28;15;7;dtp;https://t.me/DtOperativno/23290
23311;2025-10-29;16;50;other;https://t.me/DtOperativno/23311
23384;2025-11-01;22;7;other;https://t.me/DtOperativno/23384
23384;2025-11-01;22;50;other;https://t.me/DtOperativno/23384
23459;2025-11-08;10;12;other;https://t.me/DtOperativno/23459
23460;2025-11-08;11;12;other;https://t.me/DtOperativno/23460
23479;2025-11-10;17;50;dtp;https://t.me/DtOperativno/23479
23569;2025-11-16;6;12;catenary;https://t.me/DtOperativno/23569
23569;2025-11-16;6;50;catenary;https://t.me/DtOperativno/23569
23570;2025-11-16;7;12;catenary;https://t.me/DtOperativno/23570
23570;2025-11-16;7;50;catenary;https://t.me/DtOperativno/23570
23614;2025-11-18;8;1;foreign_vehicle;https://t.me/DtOperativno/23614
23678;2025-11-20;6;17;other;https://t.me/DtOperativno/23678
23679;2025-11-20;7;17;other;https://t.me/DtOperativno/23679
23722;2025-11-21;22;17;dtp;https://t.me/DtOperativno/23722
23723;2025-11-21;23;17;dtp;https://t.me/DtOperativno/23723
23749;2025-11-24;19;50;dtp;https://t.me/DtOperativno/23749
23818;2025-11-28;11;17;other;https://t.me/DtOperativno/23818
23822;2025-11-28;12;17;other;https://t.me/DtOperativno/23822
23928;2025-12-04;19;28;foreign_vehicle;https://t.me/DtOperativno/23928
24109;2025-12-13;13;11;other;https://t.me/DtOperativno/24109
24109;2025-12-13;13;25;other;https://t.me/DtOperativno/24109
24110;2025-12-13;14;11;other;https://t.me/DtOperativno/24110
24110;2025-12-13;14;25;other;https://t.me/DtOperativno/24110
24115;2025-12-14;16;26;dtp;https://t.me/DtOperativno/24115
24137;2025-12-16;21;17;other;https://t.me/DtOperativno/24137
24138;2025-12-17;5;17;other;https://t.me/DtOperativno/24138
24207;2025-12-18;19;7;other;https://t.me/DtOperativno/24207
24294;2025-12-23;22;17;dtp;https://t.me/DtOperativno/24294
24295;2025-12-23;23;17;dtp;https://t.me/DtOperativno/24295
24410;2025-12-28;9;50;other;https://t.me/DtOperativno/24410
24416;2025-12-28;10;50;other;https://t.me/DtOperativno/24416
